year,month,week,name,articles,facebook,googleplus,twitter
2011,10,44,Associated Press,51,3665,38,1518
2011,10,44,Agencies,5,28,0,62
2011,10,44,Jeevan Vasagar,1,89,1,115
2011,10,44,Steve Busfield,3,34,0,10
2011,10,44,David Lengel,3,71,1,26
2011,10,44,Constanze Letsch,3,1451,8,587
2011,10,44,Peter Walker,6,2564,15,1174
2011,10,44,Wayne Bulpitt,1,465,7,44
2011,10,44,Elizabeth Arend,1,216,0,91
2011,10,44,Keith Stuart,10,870,4,433
2011,10,44,Charles Arthur,16,2989,178,3331
2011,10,44,agencies,30,9533,70,1860
2011,10,44,Reuters,38,2222,51,1558
2011,10,44,Mark Say,13,24,0,89
2011,10,44,GrrlScientist,4,199,6,87
2011,10,44,Gregg Roughley,2,125,0,25
2011,10,44,Ian McCourt,3,85,0,60
2011,10,44,Jacob Steinberg,3,142,0,110
2011,10,44,Anna Machin,1,87,0,70
2011,10,44,Freddie Williams,1,87,0,70
2011,10,44,Martin Wainwright,13,124,2,291
2011,10,44,Sade Laja,4,8,0,23
2011,10,44,Neil Merrick,1,21,0,15
2011,10,44,Dominic Macdonald-Wallace,1,3,0,0
2011,10,44,Dick Vinegar,1,2,0,4
2011,10,44,Scott Gilmore,1,187,2,29
2011,10,44,David Shariatmadari,1,9,0,8
2011,10,44,Christian Bennett,1,9,0,8
2011,10,44,Pheebz,1,0,0,9
2011,10,44,Roderick Gordon,1,36,0,38
2011,10,44,Elly Barnes,1,102,0,9
2011,10,44,Josh Halliday,26,6163,129,2601
2011,10,44,Roy Greenslade,24,296,3,509
2011,10,44,Barry Glendenning,1,2,0,17
2011,10,44,Martin Shuttleworth,1,9401,119,1939
2011,10,44,Jonathan Richards,1,9401,119,1939
2011,10,44,Christine Oliver,2,9587,120,2023
2011,10,44,Mariana Santos,1,9401,119,1939
2011,10,44,Patrick Vernon,1,28,0,13
2011,10,44,Nick Thornsby,1,22,0,41
2011,10,44,Press Association,92,1717,8,1712
2011,10,44,Juliette Garside,20,413,26,956
2011,10,44,Catherine Phipps,1,146,0,85
2011,10,44,Frédéric Filloux,1,3,2,93
2011,10,44,Sean Michaels,8,921,5,227
2011,10,44,Dan Milmo,4,112,2,94
2011,10,44,Hélène Mulholland,9,814,3,402
2011,10,44,Gines Haro Pastor,6,38,0,126
2011,10,44,Susan Martin,1,0,0,2
2011,10,44,Alan Travis,13,2144,9,920
2011,10,44,Jim Powell,1,252,2,26
2011,10,44,Stuart Dredge,12,435,15,1126
2011,10,44,Andrew Dickson,1,17,0,24
2011,10,44,Press association,1,7,0,46
2011,10,44,Henry McDonald,13,1225,5,421
2011,10,44,Muhammad min Libya,1,70,0,14
2011,10,44,Jill Treanor,20,1472,12,805
2011,10,44,Caspar Llewellyn Smith,3,756,2,81
2011,10,44,Monkey,15,206,1,390
2011,10,44,Sarah Hartley,1,3,0,19
2011,10,44,Jean-Louis Gassée,1,17,4,230
2011,10,44,Paul Rees,6,67,1,26
2011,10,44,Tom Kington,5,1354,11,259
2011,10,44,Ben Child,10,658,12,366
2011,10,44,Mark Sweney,19,1254,16,975
2011,10,44,Jason Deans,4,956,55,317
2011,10,44,Kate Fowler,1,298,1,54
2011,10,44,James Callow,3,56,0,19
2011,10,44,Kate Hodge,7,16,0,85
2011,10,44,Sam Jones,6,908,4,248
2011,10,44,Peter Bradshaw,7,377,3,122
2011,10,44,Michael Cox,1,7,0,27
2011,10,44,David Cox,2,48,2,46
2011,10,44,The Observer,2,11,0,51
2011,10,44,Judy Friedberg,4,34,0,83
2011,10,44,Will Hayler,8,10,0,29
2011,10,44,Hanna Gersmann,3,1091,9,535
2011,10,44,Dave Hill,6,90,1,100
2011,10,44,Carol Rumens,1,22,0,13
2011,10,44,Aleks Krotoski,3,96,10,259
2011,10,44,The people's panel,2,26,0,56
2011,10,44,Claire Provost,3,884,3,568
2011,10,44,Nick Cowen,3,86,0,121
2011,10,44,John Harris,1,1336,7,147
2011,10,44,Lucy Greenwell,1,1336,7,147
2011,10,44,Laurence Topham,1,1336,7,147
2011,10,44,Ekaterina Ochagavia,2,1522,7,163
2011,10,44,Andy Gallagher,5,2054,12,233
2011,10,44,Presented by John Harris,1,167,2,69
2011,10,44,produced by Lucy Greenwell,1,167,2,69
2011,10,44,John Plunkett,13,548,5,557
2011,10,44,Caroline Davies,6,673,4,237
2011,10,44,Corrections,5,0,0,8
2011,10,44,Katherine Le Ruez,1,1,0,2
2011,10,44,Lee Skallerup Bessette for <a href="http://uvenus.org/" title="">University of Venus</a>,1,15,1,28
2011,10,44,Michael White,6,123,4,109
2011,10,44,Alan Connor,2,18,0,4
2011,10,44,Fiona Harvey,7,1713,11,608
2011,10,44,By <a href="http://www.irinnews.org/" title="">IRIN</a>,3,176,1,58
2011,10,44,part of the <a href="http://www.guardian.co.uk/global-development/series/guardian-development-network" title="">Guardian development network</a>,3,176,1,58
2011,10,44,John Fordham,5,127,1,42
2011,10,44,Paolo Bandini,2,11,0,12
2011,10,44,Anna Chesters,1,14,0,25
2011,10,44,Matt Trueman,9,505,2,107
2011,10,44,Giles Fraser,1,31,0,10
2011,10,44,David Hytner,6,138,1,232
2011,10,44,Matthew Baxter-Reynolds,3,31,12,296
2011,10,44,Adam Boult,8,865,7,280
2011,10,44,Daniel C Jones,2,5,0,26
2011,10,44,Robert Kitson,2,43,1,12
2011,10,44,Richard Williams,2,48,1,31
2011,10,44,Eddie Butler,1,37,1,9
2011,10,44,Mike Averis,6,41,1,31
2011,10,44,Jon Worth,1,7,0,30
2011,10,44,Sid Lowe,2,53,1,80
2011,10,44,Alison Flood,11,2142,45,666
2011,10,44,Esther Addley,3,1000,59,361
2011,10,44,Phillip Inman,5,243,2,88
2011,10,44,Jessica Shepherd,7,1386,8,720
2011,10,44,Kirsty Scott,1,186,1,144
2011,10,44,Julia Eccleshare,1,5,1,8
2011,10,44,Vikram Dodd,3,52,1,63
2011,10,44,Jonathan Jones,8,1467,12,392
2011,10,44,Riazat Butt,12,7767,16,853
2011,10,44,David Smith,6,787,9,362
2011,10,44,Dan Sabbagh,4,196,4,235
2011,10,44,Steven Morris,13,359,0,225
2011,10,44,SA Mathieson,2,18,1,37
2011,10,44,Paul Hayward,5,403,2,200
2011,10,44,Paul Harris,9,1742,18,468
2011,10,44,Kathryn Rose,1,46,1,17
2011,10,44,Tracy Kellett,1,11,1,58
2011,10,44,Steve Boxer,3,69,2,151
2011,10,44,Shehani Fernando,3,294,2,48
2011,10,44,Mona Mahmood,1,218,0,36
2011,10,44,Tom Parfitt,3,293,2,104
2011,10,44,Elisabeth Mahoney,7,183,0,99
2011,10,44,Roger Tooth,1,129,3,46
2011,10,44,Elliot Smith,5,725,7,111
2011,10,44,Nushin Arbabzadah,1,28,0,8
2011,10,44,FunkiCheicho,1,22,0,8
2011,10,44,James Robinson,6,944,3,316
2011,10,44,Andy Tait,1,189,0,41
2011,10,44,Presented by Madeleine Bunting,1,43,0,13
2011,10,44,produced by Lucy Lamble,1,43,0,13
2011,10,44,researched by Claire Provost,1,43,0,13
2011,10,44,Interview by Aphrodite Papadatou,1,43,0,116
2011,10,44,Damian Carrington,5,1150,14,599
2011,10,44,Tanzania,1,206,2,95
2011,10,44,Dean Baker,1,58,1,34
2011,10,44,Harriet Sherwood,1,29,0,13
2011,10,44,Lindsay Poulton,2,729,4,56
2011,10,44,Rie Yoshitake,1,186,0,16
2011,10,44,Vanessa Baird,1,212,0,52
2011,10,44,Tom Clark,1,781,1,196
2011,10,44,Simon Hattenstone,4,1661,13,292
2011,10,44,Michael Cragg,6,355,2,90
2011,10,44,Julia Kollewe,5,354,1,637
2011,10,44,Alex Hawkes,7,85,0,92
2011,10,44,Ewen MacAskill,8,4646,19,207
2011,10,44,Mark Piesing,1,34,1,73
2011,10,44,Georgina Smith,1,42,0,53
2011,10,44,Denis Campbell,2,149,1,197
2011,10,44,Sean O'Hagan,2,886,5,138
2011,10,44,Paul Owen,3,126,1,173
2011,10,44,Ewan Murray,7,75,0,71
2011,10,44,Created by Robbie Clutton,1,0,0,1
2011,10,44,Bill Baue,1,33,0,62
2011,10,44,Marcy Murninghan for the <a href="http://www.guardian.co.uk/guardian-professional" title="Guardian Professional Network">Guardian Professional Network</a>,1,33,0,62
2011,10,44,Created by Graham Tackley,1,0,0,3
2011,10,44,Guardian Sustainable Business,7,12,1,13
2011,10,44,Anglian Water,1,0,0,0
2011,10,44,Marc Abrahams,1,27,0,16
2011,10,44,James Ball,4,1618,23,346
2011,10,44,David Haack,1,124,0,37
2011,10,44,Jill Insley,13,45,0,64
2011,10,44,Barney Ronay,7,337,1,138
2011,10,44,Helen Pidd,3,368,2,96
2011,10,44,Pete Foster for the <a href="http://www.guardian.co.uk/guardian-professional" title="Guardian Professional Network">Guardian Professional Network</a>,1,14,0,26
2011,10,44,Paul Lester,5,213,0,121
2011,10,44,Raphael Honigstein,1,19,0,10
2011,10,44,Louise Tickle,2,5535,48,212
2011,10,44,Rupert Foxall for <a href="http://www.dhl.co.uk/en/logistics/supply_chain_solutions/what_we_do/environmental_compliance_envirosolutions.html" title="">DHL Envirosolutions</a>,1,0,0,8
2011,10,44,Melissa Benn,1,52,0,83
2011,10,44,Presented by James Richardson,2,63,0,47
2011,10,44,produced by Phil Maynard,3,63,0,58
2011,10,44,Henry Porter,1,37,0,2
2011,10,44,Steve Read,1,6,0,20
2011,10,44,Sandra Harris,1,5,0,10
2011,10,44,Hadley Freeman,3,1018,6,194
2011,10,44,Simon Hoggart,6,45,0,87
2011,10,44,Christine Miqueu-Baz,1,66,0,12
2011,10,44,Barbara Ehrenreich for <a href="http://www.tomdispatch.com/post/175457/tomgram%3A_barbara_ehrenreich%2C_homeless_in_ameri">TomDispatch</a>,1,356,1,58
2011,10,44,part of the <a href="http://www.guardian.co.uk/commentisfree/series/guardian-comment-network" title="Guardian Comment Network">Guardian Comment Network</a>,1,356,1,58
2011,10,44,Suzanne Goldenberg,5,991,3,393
2011,10,44,Lisa Evans,2,39,0,31
2011,10,44,Sarah Boseley,13,2058,22,467
2011,10,44,Eliza Anyangwe,5,41,1,142
2011,10,44,Steve Holland,1,20,0,19
2011,10,44,Alex Kirby for the <a href="http://www.guardian.co.uk/guardian-professional" title="Guardian Professional Network">Guardian Professional Network</a>,1,54,0,12
2011,10,44,Lisa O'Carroll,6,567,20,672
2011,10,44,Ivan Cutting,1,78,0,13
2011,10,44,Mark Tran,4,156,0,77
2011,10,44,Ana Marie Cox,10,149,2,203
2011,10,44,Ryan Devereaux,2,732,5,71
2011,10,44,Daniel Binswanger,1,27,2,9
2011,10,44,Seema Jilani,1,448,7,78
2011,10,44,Andrew Clements,8,35,0,55
2011,10,44,Lyn Gardner,5,81,0,51
2011,10,44,Mark Fisher,2,7,0,6
2011,10,44,Tim Ashley,3,8,0,21
2011,10,44,Stephen Bates,7,391,9,150
2011,10,44,Rob Evans,6,187,3,240
2011,10,44,Carl Lygo,1,27,0,24
2011,10,44,Leeanne McGee,1,3,0,28
2011,10,44,Jason Burke,6,1498,11,322
2011,10,44,Andy Wilson,6,14,0,33
2011,10,44,Lucy Tobin,1,38,1,25
2011,10,44,Kevin McCarra,1,11,0,28
2011,10,44,Angelique Chrisafis,3,400,2,35
2011,10,44,in Tunis,1,152,1,20
2011,10,44,Estelle Morris,1,3,0,23
2011,10,44,Jo Adetunji,8,1429,9,459
2011,10,44,Alan Smith,1,15,0,9
2011,10,44,Chris Cook at Leicester,1,0,0,3
2011,10,44,Sachin Nakrani,2,5105,4,413
2011,10,44,Mark Brown,8,2369,10,340
2011,10,44,Tom Meltzer,4,2971,40,503
2011,10,44,Laura Barton,4,859,7,243
2011,10,44,Camila Ruz,1,125,9,36
2011,10,44,Tim Dowling,2,66,2,23
2011,10,44,Simon Baron-Cohen,1,172,1,56
2011,10,44,Ian Cobain,2,361,2,72
2011,10,44,Janet Murray,1,4,0,22
2011,10,44,Mike Selvey,3,29,0,19
2011,10,44,Paul Weaver,8,325,6,135
2011,10,44,Ian Birrell,1,258,2,93
2011,10,44,David Stubbs,2,4,0,17
2011,10,44,Ali Catterall,2,4,0,17
2011,10,44,Hannah Verdier,2,2,0,12
2011,10,44,Martin Skegg,1,0,0,6
2011,10,44,Gwilym Mumford,3,3,0,19
2011,10,44,Julia Raeside,5,78,3,50
2011,10,44,Leslie Colitt,1,68,1,14
2011,10,44,George Monbiot,2,2404,44,858
2011,10,44,Ros Asquith,1,1,0,2
2011,10,44,Emily Drabble,1,4,0,24
2011,10,44,Emine Saner,2,40,0,90
2011,10,44,Stuart James,8,381,0,166
2011,10,44,Owen Bowcott,9,633,5,288
2011,10,44,Roger Redfern,1,0,0,11
2011,10,44,As told to Homa Khaleeli,2,393,3,36
2011,10,44,Lucy Mangan,4,200,1,42
2011,10,44,Polly Toynbee,2,630,6,186
2011,10,44,Steve Bell,7,578,3,165
2011,10,44,David Gow,8,914,7,411
2011,10,44,Justin McCurry,3,377,7,187
2011,10,44,Simon Goodley,4,13,2,73
2011,10,44,Editorial,16,1346,6,884
2011,10,44,Luisa Dillner,1,172,0,40
2011,10,44,Gabriel Weston,1,11,0,22
2011,10,44,John Crace,1,24,0,7
2011,10,44,Ronan Bennett,1,3,0,1
2011,10,44,Daniel King,1,3,0,1
2011,10,44,Tim Montgomerie,1,16,0,24
2011,10,44,Andy Bull,2,7,0,8
2011,10,44,Dominic Fifield at the Amex Stadium,1,16,0,9
2011,10,44,David Kynaston,1,24,0,11
2011,10,44,Interview by Laura Barnett,1,42,0,19
2011,10,44,Sam Wollaston,3,111,1,99
2011,10,44,Adam Gabbatt,11,34642,175,3757
2011,10,44,Richard Adams,6,761,8,172
2011,10,44,Dominic Fifield,10,585,3,318
2011,10,44,Allyson Pollock,1,252,0,102
2011,10,44,Laura Barnett,3,182,0,106
2011,10,44,Hugh Muir,6,185,0,112
2011,10,44,Donald McRae,3,85,2,80
2011,10,44,Amy Lawrence,2,22,0,49
2011,10,44,Lizzy Davies,4,6943,11,508
2011,10,44,Andrew Ratcliffe (MeteoGroup),1,5,0,12
2011,10,44,Dominic Rushe,10,299,7,445
2011,10,44,Lydia Hislop,1,2,0,3
2011,10,44,Andrew Sparrow,4,135,0,392
2011,10,44,Tom Jenkins,2,17,1,36
2011,10,44,Nicholas Watt,18,3193,29,1249
2011,10,44,Michael Billington,3,98,0,47
2011,10,44,Matt Scott,3,15,1,36
2011,10,44,Allegra Stratton,4,220,1,159
2011,10,44,Ian Black,5,839,7,288
2011,10,44,Michael Solomon,2,44,0,13
2011,10,44,Isabel Choat,2,654,3,124
2011,10,44,Pascal Wyse. Photographs by David Loftus,1,225,1,65
2011,10,44,Victoria Shooter,1,7,0,6
2011,10,44,Richard M Kavuma,1,64,0,33
2011,10,44,Rajeev Syal,4,1011,4,286
2011,10,44,Ian Levy,1,5,1,10
2011,10,44,Pippa Cronk,1,0,0,7
2011,10,44,Nadiya Takolia,1,60,0,47
2011,10,44,Mario Ambrosi,1,5,0,17
2011,10,44,Richard Hebditch,1,9,0,10
2011,10,44,Dan Glaister,1,5,0,24
2011,10,44,Oliver Laughland,1,15,0,20
2011,10,44,Clare Conville,1,32,2,59
2011,10,44,Francis Bickmore,1,32,2,59
2011,10,44,Tracey Caldwell,1,1,0,4
2011,10,44,Justin McGuirk,1,265,1,95
2011,10,44,Presented,1,22,0,12
2011,10,44,played by Paul Lewis,1,22,0,12
2011,10,44,produced by Hannah Rosenfelder,1,22,0,12
2011,10,44,Staff,7,466,0,159
2011,10,44,Guardian Interactive team,1,75,1,39
2011,10,44,Oliver Thring,3,865,5,201
2011,10,44,Bella Mackie,4,2,0,6
2011,10,44,Jane Dudman,2,1,0,10
2011,10,44,Victoria Woodcock,1,262,1,74
2011,10,44,Rebecca Smithers,2,122,1,58
2011,10,44,Danny Baker from <a href="http://www.rocksbackpages.com/" title="">Rock's Backpages</a>,1,93,1,24
2011,10,44,Alastair Stewart,1,132,0,59
2011,10,44,Jon Robins,1,63,0,40
2011,10,44,Matt Seaton,1,2,0,9
2011,10,44,Gill Hitchcock,6,12,0,49
2011,10,44,Jon Barrenechea,1,335,0,31
2011,10,44,Amy Fleming,1,50,0,16
2011,10,44,Jo Hill,4,3,0,29
2011,10,44,James Smith,1,39,0,129
2011,10,44,Arun Marsh,1,0,0,2
2011,10,44,Hilary Osborne,2,148,0,54
2011,10,44,Will Nixon,1,17,1,33
2011,10,44,Jonathan Wilson,1,121,1,20
2011,10,44,Kapil Komireddi,1,315,5,48
2011,10,44,Stuart Heritage,5,706,7,231
2011,10,44,Charles Gant,1,14,0,20
2011,10,44,Eric Allison,1,28,0,13
2011,10,44,AL Kennedy,1,13,0,8
2011,10,44,produced by Jason Phipps,11,5,0,25
2011,10,44,Duncan Clark,2,99,0,144
2011,10,44,Guardian Goverment Computing,1,0,0,0
2011,10,44,Katie Allen,17,165,0,215
2011,10,44,Kim Catcheside,1,10,0,6
2011,10,44,Nicholas Lezard,1,97,0,13
2011,10,44,Noel Sharkey,1,40,5,71
2011,10,44,Simon Annand,1,20,0,7
2011,10,44,Arthur Neslen for <a href="http://www.euractiv.com/en/climate-environment">EurActiv</a>,2,221,0,135
2011,10,44,part of the <a href="http://www.guardian.co.uk/environment/network" title="Guardian Environment Network">Guardian Environment Network</a>,3,285,0,186
2011,10,44,Alison Benjamin,3,235,0,103
2011,10,44,Jonathan Watts,2,152,5,155
2011,10,44,Henan,2,152,5,155
2011,10,44,Patrick Wintour,9,319,2,381
2011,10,44,Iris Mansour,1,73,0,40
2011,10,44,Patrick Collinson,4,78,0,128
2011,10,44,A student,1,26,0,34
2011,10,44,Chris Cook,2,1,0,6
2011,10,44,Zsuzsi Roboz,1,75,0,43
2011,10,44,Sejal Sukhadwala,2,406,2,75
2011,10,44,Noreen Wainwright,1,51,1,32
2011,10,44,Bill Bailey,1,247,0,112
2011,10,44,Mark King,8,1148,1,223
2011,10,44,Vice,2,28,0,38
2011,10,44,Louise Taylor,3,62,0,59
2011,10,44,Oliver Balch for the <a href="http://www.guardian.co.uk/guardian-professional" title="Guardian Professional Network">Guardian Professional Network</a>,1,29,0,13
2011,10,44,political reporter,5,507,2,286
2011,10,44,Dalya Alberge,2,127,2,83
2011,10,44,Rob Cromwell,1,112,0,26
2011,10,44,Open thread,4,74,0,103
2011,10,44,Céline Blampain,1,96,0,45
2011,10,44,Catherine Vincent,1,97,3,53
2011,10,44,Roderick Parkes,1,10,0,11
2011,10,44,Liz O'Neill,1,20,2,23
2011,10,44,Claire Armitstead,1,92,0,17
2011,10,44,Richard Sprenger,1,92,0,17
2011,10,44,SABMiller,1,11,0,4
2011,10,44,Victoria Bekiempis,1,248,3,39
2011,10,44,Terry Macalister,6,124,1,150
2011,10,44,Simon Chilvers,3,875,0,107
2011,10,44,Gordon Miller for the <a href="http://www.guardian.co.uk/guardian-professional" title="Guardian Professional Network">Guardian Professional Network</a>,1,67,0,10
2011,10,44,Tara Conlan,4,288,1,138
2011,10,44,Xan Brooks,2,78,1,47
2011,10,44,Stephen Burke,1,8,0,26
2011,10,44,Ally Fogg,1,400,2,57
2011,10,44,LUCA 777,1,1,0,6
2011,10,44,Jean-Michel Caroit,1,9,0,9
2011,10,44,Rachel Williams,2,181,0,81
2011,10,44,Dan Plesch,1,89,1,27
2011,10,44,Presented by Tom Clark,2,14,0,27
2011,10,44,Laura Oliver,2,17,1,7
2011,10,44,Kate McCann,7,38,0,65
2011,10,44,Jim Falzarano,1,1,0,1
2011,10,44,Iain Malcolm,1,114,0,17
2011,10,44,James Denselow,1,478,3,82
2011,10,44,Matthew Weaver,3,66,1,239
2011,10,44,Liz Carr,1,150,0,34
2011,10,44,Foreign staff,1,98,0,35
2011,10,44,Dustin Roasa,1,33,0,19
2011,10,44,Maggie Brown,1,0,0,15
2011,10,44,David Packman,1,230,1,40
2011,10,44,Guardian music,2,173,1,53
2011,10,44,Paul Doyle,4,19,0,76
2011,10,44,Paul Rowlinson,1,25,0,26
2011,10,44,Brian Radford,1,3,0,4
2011,10,44,Jenny Purt for the <a href="http://www.guardian.co.uk/guardian-professional" title="Guardian Professional Network">Guardian Professional Network</a>,2,240,0,242
2011,10,44,Presented by Aleks Krotoski,1,7,2,42
2011,10,44,produced by Scott Cawley,2,102,2,70
2011,10,44,Randeep Ramesh,3,180,2,130
2011,10,44,Joris Luyendijk,3,47,3,56
2011,10,44,Rob Smyth ( first innings),1,75,4,54
2011,10,44,Andy Bull (second innings),1,75,4,54
2011,10,44,Sam Leith,1,279,7,116
2011,10,44,Jonathan Steele,1,122,0,14
2011,10,44,Maya Wolfe-Robinson,3,150,0,72
2011,10,44,Cameron Robertson,2,102,0,41
2011,10,44,Susie Lau,1,5,0,54
2011,10,44,David Blanchflower,1,11,0,17
2011,10,44,Tania Branigan,5,885,22,554
2011,10,44,Ian Malin,2,29,0,7
2011,10,44,Asjad Nazir,1,25,0,14
2011,10,44,Jon Bloomfield,1,32,0,15
2011,10,44,economics reporter,1,16,0,27
2011,10,44,Elisabeth Ribbans,1,0,1,3
2011,10,44,Claire Lea for the <a href="http://www.guardian.co.uk/guardian-professional" title="Guardian Professional Network">Guardian Professional Network</a>,1,4,0,26
2011,10,44,Irel,4,631,3,135
2011,10,44,home secretary,1,21,0,12
2011,10,44,Charlotte Higgins,5,392,5,144
2011,10,44,Tim Newburn,1,59,0,42
2011,10,44,Mike Selvey at Eden Gardens,2,177,1,18
2011,10,44,Jonathan Freedland,1,50,0,48
2011,10,44,Karen McVeigh,3,574,1,49
2011,10,44,Patrick Kingsley,3,1167,14,562
2011,10,44,with additional reporting by Leo Hickman,1,804,12,185
2011,10,44,David Skelton,1,19,0,12
2011,10,44,Luke Harding,3,227,3,318
2011,10,44,Martin Chulov,5,1088,15,419
2011,10,44,Judith Mackrell,3,133,0,25
2011,10,44,Ed Pilkington,1,98,2,43
2011,10,44,Erica Jeal,2,6,2,15
2011,10,44,Alexis Petridis,5,708,1,174
2011,10,44,Simon Bowers,4,222,0,44
2011,10,44,Ben Quinn,1,200,5,36
2011,10,44,Victoria Coren,2,79,2,29
2011,10,44,Andrew Mueller,2,6,0,17
2011,10,44,John Robinson,2,6,0,17
2011,10,44,Ben Arnold,2,3,0,13
2011,10,44,Imogen Fox,4,100,5,89
2011,10,44,Larry Elliott,10,645,4,339
2011,10,44,Rupert Neate,4,267,1,187
2011,10,44,Anthony Neilson,1,50,0,67
2011,10,44,Stephen Moss,2,72,0,66
2011,10,44,Comrades from Cairo,1,3618,9,267
2011,10,44,Ros Coward,1,155,2,51
2011,10,44,,3,571,16,439
2011,10,44,Andy Hunter,9,364,0,271
2011,10,44,Paul Evans,1,9,0,23
2011,10,44,Harry Venning,1,6,0,9
2011,10,44,John Kampfner,1,468,3,89
2011,10,44,Jonny Weeks,1,2,0,41
2011,10,44,Jack Schofield,2,230,14,209
2011,10,44,Tom Service,2,78,0,35
2011,10,44,Jack Shenker,2,767,0,160
2011,10,44,Paul Doyle at the Emirates Stadium,1,17,0,23
2011,10,44,Dominic Fifield at Selhurst Park,1,14,0,10
2011,10,44,Jayati Ghosh,1,31,0,19
2011,10,44,John Patterson,2,25,1,26
2011,10,44,David Hytner at the EBB Stadium,1,23,0,46
2011,10,44,Simon Cambers,1,6,0,19
2011,10,44,Paul Wilson,3,23,0,46
2011,10,44,Frank Keating,1,11,0,22
2011,10,44,Paul Simons,1,14,0,39
2011,10,44,Rob Smyth,3,51,0,88
2011,10,44,Nic Fleming,2,347,5,116
2011,10,44,Virginia Wallis,2,4,0,43
2011,10,44,Peter Wanless,1,9,0,57
2011,10,44,Fred Pearce,1,123,5,60
2011,10,44,Simon Rogers,7,2013,47,917
2011,10,44,Jonathan Jenkins,1,29,0,49
2011,10,44,Hannah Fearn,2,104,0,67
2011,10,44,Debbie Andalo,1,3,0,3
2011,10,44,John Monks,1,104,0,39
2011,10,44,Peter Hay,1,2,0,3
2011,10,44,president,1,2,0,3
2011,10,44,Association of Directors of Social Services,1,2,0,3
2011,10,44,Dannii,1,1,0,12
2011,10,44,Paul Cook,1,36,1,14
2011,10,44,Jessica Moxham,1,208,0,48
2011,10,44,Simon Burnton,4,38,0,115
2011,10,44,John Domokos,2,326,1,56
2011,10,44,James Murray for <a href="http://www.businessgreen.com">BusinessGreen</a>,1,64,0,51
2011,10,44,Sadhbh Walshe for the <a href="http://www.guardian.co.uk/guardian-professional" title="Guardian Professional Network">Guardian Professional Network</a>,1,8,0,7
2011,10,44,John Wright,1,126,0,41
2011,10,44,Doug Belshaw,1,15,0,12
2011,10,44,Lisa Bachelor,4,267,1,88
2011,10,44,John Gray,1,91,1,27
2011,10,44,Penelope Lively,1,20,0,8
2011,10,44,Katy Crothall,1,0,0,7
2011,10,44,Jim Shelley,1,8,0,7
2011,10,44,Rebecca Nicholson,1,508,0,13
2011,10,44,Christoph Wilcke,1,32,0,77
2011,10,44,Jeremy Kay,1,35,0,13
2011,10,44,Alexandra Fuller,1,121,2,65
2011,10,44,Adrian Sanders,1,50,0,11
2011,10,44,Nick Davies,1,4,0,7
2011,10,44,David Mills,2,6,0,22
2011,10,44,Chris Fenn,1,10,0,14
2011,10,44,Sean Clarke,1,10,0,14
2011,10,44,Rachel Kramer Bussel,1,71,0,26
2011,10,44,Rachel Holmes,1,122,2,45
2011,10,44,Andrew Khan,1,121,1,18
2011,10,44,David Levene,1,237,1,32
2011,10,44,James Russell,1,287,2,48
2011,10,44,Carbon Trust,2,0,0,12
2011,10,44,Anna Perman,1,159,3,26
2011,10,44,Natalie Bennett,1,1,0,2
2011,10,44,Vicky Frost,2,164,1,91
2011,10,44,Justin McCurry on board Flight NH7871,2,170,1,59
2011,10,44,Teresa Wiltz,1,365,5,32
2011,10,44,Alfred Hickling,2,58,0,15
2011,10,44,Sarah Crown,1,7,0,18
2011,10,44,guardian.co.uk,1,0,0,4
2011,10,44,Gary Nunn,1,120,0,41
2011,10,44,Catherine Shoard,3,98,0,60
2011,10,44,Hari,2,25,0,106
2011,10,44,Jake,2,25,0,106
2011,10,44,Miriam Elder,4,453,8,93
2011,10,44,Marc Lockley,2,42,0,69
2011,10,44,Adam Vaughan,1,586,6,87
2011,10,44,Maggoty Lamb,1,11,0,18
2011,10,44,Kate Abbott,1,15,1,7
2011,10,44,Peter Sale,1,15,1,7
2011,10,44,Joanna Moorhead,2,272,2,59
2011,10,44,Ken Gude,1,5,1,23
2011,10,44,MinGu Jun for the <a href="http://www.guardian.co.uk/guardian-professional" title="Guardian Professional Network">Guardian Professional Network</a>,1,13,1,17
2011,10,44,Interview by Tom Lutz,1,7,0,18
2011,10,44,Rosie Swash,1,475,3,197
2011,10,44,Garry Blight,2,640,10,282
2011,10,44,Anne Perkins,1,22,2,67
2011,10,44,Adrian Searle,1,543,4,40
2011,10,44,Steve McKay,1,0,0,5
2011,10,44,OrliTheBookworm,1,0,0,7
2011,10,44,Marina Hyde,5,339,7,152
2011,10,44,Amy Goodman,1,109,1,48
2011,10,44,Oliver Milman,1,578,4,116
2011,10,44,Chris Salmon,1,0,0,26
2011,10,44,Caroline Sullivan,2,12,0,16
2011,10,44,Martin Kettle,2,112,0,35
2011,10,44,Angela Hartnett,1,60,4,19
2011,10,44,Jon Dennis,3,16,0,18
2011,10,44,Jon Savage,1,17,0,15
2011,10,44,Anna Minton,1,217,1,69
2011,10,44,John Ashdown,3,11,0,36
2011,10,44,Sandra Haurant,1,1759,11,250
2011,10,44,Tania Ahsan,1,40,0,32
2011,10,44,Paul Lewis,2,139,3,135
2011,10,44,Created by Chris Cross,1,0,0,4
2011,10,44,Vic Marks,2,18,1,21
2011,10,44,Katy Stoddard,1,60,3,92
2011,10,44,Kate Laycock,1,141,0,19
2011,10,44,Anya Palmer,1,51,0,33
2011,10,44,Henry Barnes,8,388,7,122
2011,10,44,John Self,1,45,0,36
2011,10,44,Tony Coxon,1,0,0,7
2011,10,44,Deborah Orr,5,542,1,263
2011,10,44,Andrew Matthews,1,3,0,11
2011,10,44,DeeDee Garcia Blase,2,104,0,17
2011,10,44,Haroon Siddique,3,63,1,263
2011,10,44,Peter Tatchell,1,219,0,33
2011,10,44,Ian Sample,3,1636,85,497
2011,10,44,Diana Souhami,1,22,0,36
2011,10,44,Michael Dobson,1,159,0,23
2011,10,44,Jonathan Crowther,1,0,0,8
2011,10,44,George Hall,2,39,0,14
2011,10,44,Will Hayler at Epsom,1,7,0,3
2011,10,44,Helen Carter,2,641,2,105
2011,10,44,Richard Norton-Taylor,4,56,2,51
2011,10,44,Patrick Sookhdeo,1,33,0,19
2011,10,44,Brian Logan,1,0,0,3
2011,10,44,Evan Fanning,4,32,0,105
2011,10,44,Andrew Feinstein,1,147,1,28
2011,10,44,Peter Holt,1,8,0,13
2011,10,44,Slavoj Žižek,1,5072,37,309
2011,10,44,Patrick Barkham,1,128,0,142
2011,10,44,Nancy Banks-Smith,1,11,1,29
2011,10,44,Phil Daoust,1,123,11,46
2011,10,44,Phil Gates,1,4,0,22
2011,10,44,Willy Bach,1,189,0,81
2011,10,44,Amelia Hill,1,148,5,41
2011,10,44,John Hooper,6,153,1,182
2011,10,44,Matt Lawson,1,1,0,13
2011,10,44,As seen by Catherine Bennett,1,1,0,9
2011,10,44,Timothy Garton Ash,1,33,0,25
2011,10,44,David Leigh,4,521,1,211
2011,10,44,Ewan Murray at Easter Road,1,1,0,7
2011,10,44,Mark Weisbrot,1,12,0,9
2011,10,44,Helena Smith,2,182,1,93
2011,10,44,Bob Garfield,1,50,3,175
2011,10,44,Paul Wilson at the Britannia Stadium,1,56,0,34
2011,10,44,Nosheen Iqbal,1,1,0,7
2011,10,44,Stuart James at Molineux,1,12,0,15
2011,10,44,Seumas Milne,1,2228,11,524
2011,10,44,Zoe Williams,2,127,3,96
2011,10,44,Richard Jolly at Ewood Park,1,6,0,12
2011,10,44,Interviews by Anna Tims,1,155,1,29
2011,10,44,Richard Wolff,1,1274,14,126
2011,10,44,Andy Hunter at Goodison Park,1,19,0,38
2011,10,44,Zia Mahmood,1,19,0,1
2011,10,44,Richard Rae at St Andrew's,1,3,0,17
2011,10,44,Felicity Cloake,1,496,4,89
2011,10,44,Zoe Wood,3,30,0,57
2011,10,44,Martin Pengelly,1,14,0,7
2011,10,44,Ted Trautman,1,237,4,20
2011,10,44,Claudia Cahalane,1,21,0,41
2011,10,44,Gavin O'Toole,1,39,0,59
2011,10,44,David Willetts,1,34,3,65
2011,10,44,Aaron Porter,1,6,1,1
2011,10,44,Paula Cocozza,1,162,2,63
2011,10,44,Andrew Gumbel,2,5975,36,151
2011,10,44,Deborah McLaughlin,1,0,0,1
2011,10,44,Faye Scott,1,1,0,9
2011,10,44,Alan Sykes,1,54,0,20
2011,10,44,Tellylove,1,7,0,4
2011,10,44,Matthew Wright,1,253,5,123
2011,10,44,David Buck,1,7,0,10
2011,10,44,senior fellow,2,7,0,15
2011,10,44,the King's Fund,1,7,0,10
2011,10,44,Sarfraz Manzoor,1,41,0,12
2011,10,44,Uki Goni,1,399,0,20
2011,10,44,Ross Morrison McGill,1,13,1,8
2011,10,44,Andrew Simms,1,132,0,56
2011,10,44,Rachel Dixon,3,201,4,35
2011,10,44,Ross McGuinness,1,4,0,15
2011,10,44,John Elkington for the <a href="http://www.guardian.co.uk/guardian-professional" title="Guardian Professional Network">Guardian Professional Network</a>,1,20,0,17
2011,10,44,Martin Robbins,1,3,1,15
2011,10,44,Shiv Malik,8,8203,18,958
2011,10,44,Ian Sansom,1,171,1,52
2011,10,44,Jay Parini,1,5,0,7
2011,10,44,Khaled Diab,1,60,0,25
2011,10,44,The Register,1,0,0,0
2011,10,44,Miles Brignall,6,48,2,163
2011,10,44,Nick Huber,1,3,0,4
2011,10,44,Damien Walter,1,26,0,23
2011,10,44,Nina Lovelace,1,58,14,649
2011,10,44,Jason Rodrigues,1,3,0,16
2011,10,44,Amber Kennedy,1,81,3,32
2011,10,44,Peter Smith,1,8,0,10
2011,10,44,Will Straw,1,5,0,8
2011,10,44,Tobias Jones,1,33,0,13
2011,10,44,Luke Jennings,2,126,0,29
2011,10,44,Engelbert Stockhammer,1,54,0,23
2011,10,44,David Malakoff for <a href="http://www.conservationmagazine.org/">Conservation Magazine</a>,1,49,2,56
2011,10,44,part of the <a href="http://www.guardian.co.uk/environment/network">Guardian Environment Network</a>,1,49,2,56
2011,10,44,Tresa Edmunds,1,134,9,50
2011,10,44,John Popham,1,12,0,59
2011,10,44,Jim Griffin,1,34,1,49
2011,10,44,Dave Simpson,2,20,0,11
2011,10,44,Robert McCrum,3,331,7,126
2011,10,44,Ben Kape,1,656,3,64
2011,10,44,Stephen Kelly,1,97,0,24
2011,10,44,Heather Stewart,6,2008,5,459
2011,10,44,Alex Bailin,1,4,0,14
2011,10,44,Michelle Pauli,1,2,0,13
2011,10,44,Sandra Laville,5,640,3,310
2011,10,44,PA,1,2,0,21
2011,10,44,Yasmin Sulaiman,1,43,0,18
2011,10,44,Christine Shepard,1,12,0,15
2011,10,44,Key Largo,1,398,2,136
2011,10,44,Florida,1,398,2,136
2011,10,44,Andrew Brown,1,90,3,26
2011,10,44,Invisible woman,1,27,0,20
2011,10,44,Presented by Jason Solomons,1,4,0,7
2011,10,44,with Henry Barnes,1,4,0,7
2011,10,44,Clar Ni Chonghaile,2,39,0,35
2011,10,44,Alex von Tunzelmann,1,5,0,10
2011,10,44,Joshua Rozenberg,1,45,0,35
2011,10,44,Elif Shafak,1,175,0,19
2011,10,44,John Palmer,1,39,0,34
2011,10,44,Craig Willy,1,42,0,61
2011,10,44,Anita Sethi,1,18,0,73
2011,10,44,Phil Hoad,1,15,1,38
2011,10,44,Shaun Edwards,1,2,0,5
2011,10,44,Pamela Hutchinson,1,96,0,21
2011,10,44,Bill Easton,1,0,0,9
2011,10,44,Sally Lloyd,1,2,0,8
2011,10,44,Skye Sherwin,5,33,1,74
2011,10,44,John Orloff,1,55,0,11
2011,10,44,Elyse Monroy,2,33,0,12
2011,10,44,Seth Freedman,1,40,1,7
2011,10,44,John Dugdale,1,127,1,32
2011,10,44,Alan Rusbridger,3,2045,9,410
2011,10,44,Malcolm Morris,1,21,0,48
2011,10,44,Sarah Kendrew,1,60,13,116
2011,10,44,Michael Hann,4,17,1,35
2011,10,44,Reg Platt for the <a href="http://www.guardian.co.uk/guardian-professional" title="">Guardian Professional Network</a>,1,23,0,21
2011,10,44,bunny-ears,1,19,0,6
2011,10,44,Owen Rawlings,1,12,0,5
2011,10,44,Dan Gillmor,1,359,34,381
2011,10,44,Sam Jordison,2,13,1,23
2011,10,44,Anonymous,2,4,0,5
2011,10,44,Henry K Miller,1,15,0,18
2011,10,44,Kakoli Bhattacharya,1,563,2,73
2011,10,44,Greg Palast,1,941,20,165
2011,10,44,Alison Cole for the <a href="http://blog.soros.org/" title="">Open Society Blog</a>,1,23,0,6
2011,10,44,part of the <a href="http://www.guardian.co.uk/legalnetwork" title="">Guardian Legal Network</a>,1,23,0,6
2011,10,44,Lora Lavin,1,0,0,12
2011,10,44,Tom Phillips,1,1422,7,95
2011,10,44,Paul,1,9,0,1
2011,10,44,Tony,1,9,0,1
2011,10,44,Peter Walentowicz and&nbsp;Jan Petty,1,9,0,1
2011,10,44,Hugh O'Shaughnessy,1,2,0,3
2011,10,44,Martin Drury,1,9,0,13
2011,10,44,Marina Warner,2,255,3,70
2011,10,44,Robert Booth,3,277,1,272
2011,10,44,Andrew Chambers,2,308,0,105
2011,10,44,Sarah Butler,1,5,0,11
2011,10,44,<strong>Dominic Rushe </strong>in New York,1,4,0,23
2011,10,44,Fahad Ansari,1,49,0,23
2011,10,44,Alexander Chancellor,1,0,0,0
2011,10,44,As seen by John Crace,1,41,0,9
2011,10,44,Libby Brooks,1,55,0,20
2011,10,44,Laura Powell,1,202,1,42
2011,10,44,Michele Hanson,1,1,0,1
2011,10,44,Sadhbh Walshe,1,28,0,29
2011,10,44,Pamela Stephenson Connolly,1,31,0,13
2011,10,44,Rob Yarham,1,6,0,28
2011,10,44,Leo Benedictus,1,421,4,66
2011,10,44,Stevie Chick,1,32,0,8
2011,10,44,Richard Coles,1,49,1,37
2011,10,44,Overheard by John Crace,1,0,0,5
2011,10,44,John&nbsp;Fordham,2,5,0,15
2011,10,44,Angela Woodall,1,146,2,31
2011,10,44,Craig Finn,1,112,3,13
2011,10,44,Steve Rose,5,184,8,174
2011,10,44,Damon Wise,1,5,0,6
2011,10,44,Steven Isserlis,1,53,0,5
2011,10,44,Jonathan Wright,1,4,0,11
2011,10,44,Phelim O'Neill,3,62,0,79
2011,10,44,Simon Jenkins,1,76,0,14
2011,10,44,Rob Fitzpatrick,1,1935,16,459
2011,10,44,Charlotte Richardson Andrews,2,104,1,27
2011,10,44,Tony Leighton at Oosterenk Stadion,1,0,0,8
2011,10,44,Cath Clarke,2,8,0,20
2011,10,44,Anne Billson,1,19,0,26
2011,10,44,Andrew Pulver,2,25,0,34
2011,10,44,Robin Denselow,2,44,0,19
2011,10,44,Maddy Costa,1,1,0,5
2011,10,44,Chris Cook at Lambourn,1,1,0,2
2011,10,44,Paul MacInnes,1,2,0,11
2011,10,44,Harry Pearson,1,59,0,22
2011,10,44,David Hambling,1,7,0,6
2011,10,44,James Richardson,1,20,0,9
2011,10,44,Matt Hall,1,20,0,9
2011,10,44,Associated press,1,39,0,45
2011,10,44,David Batty,6,1443,0,259
2011,10,44,Claire Prentice,1,47,0,44
2011,10,44,James Kydd,1,4,0,25
2011,10,44,Shiona Tregaskis,1,186,1,84
2011,10,44,Eric Hilaire,1,186,1,84
2011,10,44,Paddy Allen,1,186,1,84
2011,10,44,Roy Mayall,1,114,0,20
2011,10,44,Andrew Gilchrist,1,11,0,6
2011,10,44,Keith Cooper,1,9,0,7
2011,10,44,Richard Vize,1,0,0,6
2011,10,44,Toby Manhire,1,14,0,19
2011,10,44,Nanjala Nyabola,1,51,1,24
2011,10,44,Ed Jacobs,1,12,0,10
2011,10,44,Social OverWorker,1,26,0,8
2011,10,44,Geraint Lewis,1,0,0,5
2011,10,44,Nuffield Trust,1,0,0,5
2011,10,44,Tom Lutz,1,1,0,2
2011,10,44,TheBookThief,1,0,0,4
2011,10,44,Saad Noor,2,7,0,25
2011,10,44,David Walker for the <a href="http://www.guardian.co.uk/guardian-professional" title="">Guardian Professional Network</a>,1,0,1,18
2011,10,44,Hélène Mulholl,1,11,0,4
2011,10,44,Emma Sturgess,1,63,1,23
2011,10,44,Texas,1,67,2,27
2011,10,44,Julia Skinner,1,2,0,0
2011,10,44,Presented by Sarah Crown,1,29,0,10
2011,10,44,produced by Simon Barnard,1,29,0,10
2011,10,44,Edward Davey for <a href="http://www.guardian.co.uk/guardian-professional" title="">Guardian Professional Network</a>,1,14,1,10
2011,10,44,Peter Forbes,1,17,0,11
2011,10,44,Ben Wakeling,1,8,1,14
2011,10,44,Paul Joyce,1,0,0,9
2011,10,44,Jane Dudman for Guardian Professional,1,0,0,6
2011,10,44,Guardian Government Computing,3,2,1,7
2011,10,44,Sali Hughes,2,23,0,37
2011,10,44,Nat Saunders,1,8,0,23
2011,10,44,Bertie Bosrédon,1,0,0,1
2011,10,44,David Nuttall,1,1,0,17
2011,10,44,Rachel Cooke,2,777,15,203
2011,10,44,David Kernohan,1,41,1,15
2011,10,44,Jonathan Glennie,1,70,0,35
2011,10,44,Darragh McManus,1,142,2,73
2011,10,44,Mary Hooper,1,17,0,6
2011,10,44,Jamie Burton,1,63,0,22
2011,10,44,Scott Murray,4,335,3,296
2011,10,44,Guardian Fashion,1,1,0,7
2011,10,44,Daniel Bettridge,1,34,0,17
2011,10,44,Arlene McCarthy,1,16,0,14
2011,10,44,Tarek Malouf,2,388,1,38
2011,10,44,Rowan Moore,2,276,5,56
2011,10,44,Louisa McGillicuddy,1,23,0,23
2011,10,44,Ed Yong,1,107,17,107
2011,10,44,Homa Khaleeli,1,546,1,70
2011,10,44,James Walsh,1,0,0,3
2011,10,44,Hannah Waldram,1,0,0,3
2011,10,44,Helienne Lindvall,1,126,2,62
2011,10,44,Julian Baggini,1,116,8,44
2011,10,44,David Lacey,1,4,0,41
2011,10,44,Frederika Whitehead,2,145,0,91
2011,10,44,Mark Rice-Oxley,1,303,0,32
2011,10,44,David Marsh,1,36,3,43
2011,10,44,Dan Collyns,2,172,0,61
2011,10,44,Leonard Barden,1,6,0,1
2011,10,44,Max Bergmann,1,26,1,13
2011,10,44,David Clark,1,45,1,13
2011,10,44,Dave Laing,1,67,1,15
2011,10,44,Robert Reiner,1,57,0,14
2011,10,44,Drea Cooper,1,181,0,29
2011,10,44,Zackary Canepari,1,181,0,29
2011,10,44,Orton Kiishweko,1,175,1,60
2011,10,44,James Donaghy,1,7,0,6
2011,10,44,Jess Cartner-Morley,2,13,0,21
2011,10,44,Alex Healey,1,4,0,16
2011,10,44,Mary Douglas-Home,1,4,0,16
2011,10,44,Maurice Glasman,1,88,1,33
2011,10,44,Guardian Healthcare,2,0,0,2
2011,10,44,Hanna Hanra,1,2213,5,261
2011,10,44,Alex Aldridge,1,27,0,47
2011,10,44,Rian Evans,1,1,0,8
2011,10,44,Nick Mathiason,1,91,2,39
2011,10,44,Ian Tasker,1,35,0,15
2011,10,44,Luke Stobart,1,43,0,8
2011,10,44,Graham Hayday,1,14,0,27
2011,10,44,Paul Hohnen for the <a href="http://www.guardian.co.uk/guardian-professional" title="">Guardian Professional Network</a>,1,118,1,26
2011,10,44,Staff reporters,1,2,0,4
2011,10,44,Jan Goodey,1,45,0,61
2011,10,44,Reuters at The Hague,1,90,1,40
2011,10,44,Presented by John Plunkett,1,1,0,8
2011,10,44,with James Robinson,1,1,0,8
2011,10,44,Julie Bindel,1,317,2,82
2011,10,44,Richard Francis,1,1,0,0
2011,10,44,Lesley McCall,1,12,0,14
2011,10,44,Ryan Gilbey,1,48,0,26
2011,10,44,Liz Goodwin for the <a href="http://www.guardian.co.uk/guardian-professional" title="">Guardian Professional Network</a>,1,4,0,15
2011,10,44,Andy Field,1,19,0,17
2011,10,44,Alistair Smith,1,7,0,19
2011,10,44,Danielle Elizabeth Tumminio,1,72,1,88
2011,10,44,Alok Jha,1,673,16,108
2011,10,44,Ben Whitelaw,1,11,0,29
2011,10,44,Katharine Ainger,1,128,0,40
2011,10,44,Lauren Niland,1,9,2,18
2011,10,44,Presented by Alexis Petridis,1,95,0,28
2011,10,44,Nina Power,1,470,1,36
2011,10,44,Joe Moran,1,19,0,17
2011,10,44,Steven Hepburn,1,24,0,8
2011,10,44,David Brindle,1,53,0,32
2011,10,44,Eileen Byrne,2,214,3,52
2011,10,44,Michelle Gross,1,386,1,22
2011,10,44,Chris Cook at Wetherby,1,0,0,3
2011,10,44,Interview by Oliver Laughland,2,20,1,36
2011,10,44,Diane Taylor,1,171,0,56
2011,10,44,William Leith,1,460,5,90
2011,10,44,Graham Long,1,0,0,29
2011,10,44,Martin Rowson,1,103,1,17
2011,10,44,Jonathan Glancey,1,27,0,39
2011,10,44,Ian Jack,1,238,1,27
2011,10,44,Tanya Gold,1,1056,1,159
2011,10,44,Andy Wilson at the Halliwell Jones Stadium,1,1,0,11
2011,10,44,Ben Goldacre,1,176,28,310
2011,10,44,Julian Beecroft,1,17,0,19
2011,10,44,Frances Booth,1,15,0,20
2011,10,44,Sally Shalam,1,0,0,22
2011,10,44,Maev Kennedy,1,49,0,33
2011,10,44,Gemma Bowes,1,18,0,7
2011,10,44,Marcel Theroux,1,20,0,35
2011,10,44,Lesley Gillilan,1,167,2,34
2011,10,44,Eoin Reynolds,1,2706,46,467
2011,10,44,Michael Holroyd,1,2,0,2
2011,10,44,Nicholas Wroe,1,51,0,13
2011,10,44,Tom McCarthy,1,767,10,233
2011,10,44,Hugh Pennington,1,7,1,10
2011,10,44,John Mullan,2,9,0,5
2011,10,44,Steven Poole,1,2,0,27
2011,10,44,Philip Ardagh,1,10,0,2
2011,10,44,John O'Connell,1,2,0,6
2011,10,44,Kathryn Hughes,1,21,0,6
2011,10,44,Janet Todd,1,3,0,5
2011,10,44,Jonathan Coe,1,24,1,24
2011,10,44,Meg Rosoff,1,12,1,4
2011,10,44,Jill Papworth,1,2,0,18
2011,10,44,Geoffrey Wadhurst,1,10,0,60
2011,10,44,Kate Jacobs,1,38,0,9
2011,10,44,Stephen Collins,1,25,0,9
2011,10,44,Emily Blunden,1,11,0,4
2011,10,44,Thomas Eaton,1,1,0,0
2011,10,44,Rosanna Greenstreet,1,520,2,111
2011,10,44,Interview by <a href="http://www.guardian.co.uk/profile/becky-barnicoat" title="">Becky Barnicoat</a>. Photograph by <a href="http://www.emilystein.co.uk/" title="">Emily Stein</a>,1,17,0,2
2011,10,44,Oliver Burkeman,1,113,3,50
2011,10,44,Matthew Fort,1,0,0,0
2011,10,44,Fiona Beckett,1,27,0,18
2011,10,44,Yotam Ottolenghi,1,36,0,8
2011,10,44,John Lanchester,1,19,0,7
2011,10,44,Dan Lepard,1,66,2,28
2011,10,44,Hugh Fearnley-Whittingstall,1,301,3,36
2011,10,44,Faith Stilgoe,1,14,0,18
2011,10,44,Emma Brockes,1,315,0,46
2011,10,44,Sukhdev Sandhu,1,122,4,69
2011,10,44,Interviews by Christopher Goodwin,1,706,7,120
2011,10,44,Graham Snowdon,1,6,0,10
2011,10,44,As told to Angela Foster,1,47,0,11
2011,10,44,George Anders,1,114,1,80
2011,10,44,Jeremy Bullmore,1,0,0,3
2011,10,44,Rupert Jones,1,6,0,16
2011,10,44,The Secret Footballer,1,38,1,27
2011,10,44,Tim Radford,1,2,0,27
2011,10,44,Mike Averis at Edgeley Park,1,2,0,4
2011,10,44,Andrew Collins,1,5,0,2
2011,10,44,Jonathan Sale,1,18,0,27
2011,10,44,Jason Cook,1,29,0,21
2011,10,44,Oliver James,1,19,0,17
2011,10,44,Charlie Condou,1,18,0,21
2011,10,44,Interview by Elaine Lipworth,1,0,0,2
2011,10,44,Sophie Radice,1,1,0,6
2011,10,44,Annalisa Barbieri,1,0,0,2
2011,10,44,Richard Vine &amp; Rebecca Nicholson,1,3,0,4
2011,10,44,Robert Clark,2,16,0,42
2011,10,44,Teri Grenert,2,0,0,2
2011,10,44,Johnny Dee,2,0,0,12
2011,10,44,Robert Clark &amp; Skye Sherwin,2,14,0,20
2011,10,44,Patric Baird,2,0,0,2
2011,10,44,John Mitchell,2,0,0,2
2011,10,44,Sam Richards &amp; Marc Rowlands,2,0,0,2
2011,10,44,Tim Jonze,2,126,0,30
2011,10,44,Charlie Lyne,2,20,0,8
2011,10,44,The Guide,2,1,0,15
2011,10,44,John Robinson &amp; Andrew Clements,1,5,0,2
2011,10,44,Iain Aitch,1,0,0,2
2011,10,44,Stuart Goodwin &amp; Colette Bernhardt,1,0,0,2
2011,10,44,Eleanor Morgan,1,21,0,2
2011,10,44,Sam Richards,2,160,1,16
2011,10,44,Grace Dent,1,69,1,14
2011,10,44,Alex Godfrey,1,44,0,16
2011,10,44,Jon &amp; Mick/moderntoss.com,1,8,0,7
2011,10,44,James Kettle,1,0,0,0
2011,10,44,Lyn Gardner &amp; Mark Cook,1,34,0,12
2011,10,44,Issy Sampson,1,32,0,6
2011,10,44,Nicola Jennings,1,0,0,7
2011,10,44,Joe Berger,1,1,0,6
2011,10,44,Pascal Wyse,1,1,0,6
2011,10,44,Dhara Patel,1,0,0,6
2011,10,44,AishL,1,3,0,8
2011,10,44,Jussi Parikka,1,84,2,178
2011,10,44,Bidisha,1,18,0,13
2011,10,44,Tristram Carfrae for the <a href="http://www.guardian.co.uk/guardian-professional" title="">Guardian Professional Network</a>,1,63,0,24
2011,10,44,Liz Gloyn,1,25,0,6
2011,10,44,Peter Kellner,1,20,0,17
2011,10,44,Oscar Reyes,1,77,2,25
2011,10,44,Hilary Wainwright,1,77,2,25
2011,10,44,Paul Wilson at Goodison Park,2,1525,0,114
2011,10,44,Alison Rourke,1,539,2,147
2011,10,44,Amy Lawrence at Stamford Bridge,2,290,0,175
2011,10,44,Paul Weaver at the Buddh International Circuit,1,4,0,3
2011,10,44,Rachel Whitehead,1,968,4,252
2011,10,44,Narain Karthikeyan,1,8,0,15
2011,10,44,Barney Ronay at Carrow Road,1,2,1,15
2011,10,44,Tim Rich at Etihad Stadium,1,5,0,17
2011,10,44,Louise Taylor at the Stadium of Light,1,1,0,17
2011,10,44,Adam Sweeting,1,187,0,96
2011,10,44,Will Hayler at Wetherby,1,0,0,8
2011,10,44,Ewan Murray at Celtic Park,1,3,0,7
2011,10,44,Kevin McCarra at Goodison Park,1,19,0,38
2011,10,44,Paul Hayward at Stamford Bridge,1,33,0,42
2011,10,44,Andy Wilson at Leigh Sports Village,1,5,0,6
2011,10,44,Nial Briggs,1,0,0,3
2011,10,44,Stuart James at The Hawthorns,1,18,0,22
2011,10,44,Paul Doyle at St Mary's Stadium,1,36,0,12
2011,10,44,Ian Malin at the Madejski Stadium,1,0,0,4
2011,10,44,Mark Townsend,3,6006,44,692
2011,10,44,Mike Averis at Kingsholm,1,0,0,1
2011,10,44,Daniel Boffey,6,2333,4,638
2011,10,44,Nick Clegg,1,50,0,36
2011,10,44,Michael Aylwin at The Stoop,1,0,0,1
2011,10,44,Madeleine Bunting,1,37,2,11
2011,10,44,Mustafa Khalili,1,37,2,11
2011,10,44,Will Hutton,2,121,3,116
2011,10,44,Tracy McVeigh,3,453,2,104
2011,10,44,Giles Richards,1,3,0,7
2011,10,44,Michael Aylwin,1,0,0,0
2011,10,44,Lawrence Donegan,1,2,0,24
2011,10,44,Jon Boone,1,143,1,78
2011,10,44,Margaret Dibben,3,10,1,89
2011,10,44,Clive Anderson,1,0,0,29
2011,10,44,Peter Stanford,1,134,0,35
2011,10,44,David Hills,1,27,0,25
2011,10,44,Nigel Hawkes,1,79,0,7
2011,10,44,Robin McKie,2,286,7,134
2011,10,44,Luke Bainbridge,1,18,1,5
2011,10,44,Stephen Pax Leonard,1,511,8,63
2011,10,44,Ed Vulliamy,1,673,7,156
2011,10,44,Policy Editor,1,67,0,43
2011,10,44,Megan Conner,1,22,0,29
2011,10,44,Paul Mardles,1,5,0,1
2011,10,44,Kate Kellaway,3,1408,9,210
2011,10,44,Philip French,11,202,3,78
2011,10,44,Phil Hogan,1,5,0,2
2011,10,44,Peter Preston,4,64,1,286
2011,10,44,Alex Clark,2,4,0,15
2011,10,44,Danny Kelly,1,1,0,13
2011,10,44,Elizabeth Day,3,215,0,56
2011,10,44,Dr Gerry Mander,1,0,0,1
2011,10,44,Nick Cohen,1,56,0,30
2011,10,44,Viv Groskop,1,93,3,25
2011,10,44,Mariella Frostrup,1,3,0,7
2011,10,44,Killian Fox,1,1,0,2
2011,10,44,Nigel Slater,1,236,2,65
2011,10,44,Chris Riddell,1,12,1,5
2011,10,44,Phil Mongredien,1,16,0,4
2011,10,44,Tom Lamont,1,271,3,27
2011,10,44,Gareth Grundy,1,34,1,12
2011,10,44,Justin Cartwright,1,22,0,4
2011,10,44,Olivia Laing,1,15,0,7
2011,10,44,Lettie Ransley,1,5,0,1
2011,10,44,Kitty Empire,2,35,0,5
2011,10,44,Fiona Maddocks,2,1,0,9
2011,10,44,Dave Gelly,2,133,2,16
2011,10,44,Toby Moses,1,13,0,8
2011,10,44,Nathan Ditum,1,0,0,4
2011,10,44,Neil Spencer,1,7,0,2
2011,10,44,Matthew Sweet,1,144,3,65
2011,10,44,Peter Conrad,1,179,5,137
2011,10,44,Eva Wiseman,2,11,0,10
2011,10,44,Mark Kermode,1,0,0,2
2011,10,44,Sarah Harris,1,19,0,17
2011,10,44,Lucy Siegle,1,0,0,12
2011,10,44,Joanne O'Connor,1,12,0,26
2011,10,44,Jay Rayner,1,11,1,11
2011,10,44,Dan Pearson,1,12,0,10
2011,10,44,Euan Ferguson,1,81,0,19
2011,10,44,Miranda Sawyer,2,196,0,132
2011,10,44,Toby Helm,1,14,0,5
2011,10,44,Shahesta Shaitly,1,38,0,5
2011,10,44,Tim Adams,2,102,0,35
2011,10,44,Stephen Pritchard,1,20,0,6
2011,10,44,Clare Brennan,1,2,0,1
2011,10,44,Tim Lewis,2,156,0,27
2011,10,44,David Mitchell,1,223,7,74
2011,10,44,Susannah Clapp,1,7,0,7
2011,10,44,John Naughton,1,175,2,153
2011,10,44,Kevin McKenna,1,18,0,23
2011,10,44,Jason Solomons,1,12,0,8
2011,10,44,Observer,1,3,0,10
2011,10,44,Catherine Bennett,1,16,0,16
2011,10,44,New York,1,206,1,78
2011,10,44,Charlie Higson,1,81,5,234
2011,10,44,Barbara Ellen,1,468,0,59
2011,10,44,Rowenna Davis,1,214,1,161
2011,10,44,David James,1,21,0,18
2011,10,44,Observer staff,1,4,0,31
2011,10,44,Andrew Rawnsley,1,3617,13,384
2011,10,44,<strong>Tony Hall</strong>,1,7,1,20
2011,10,44,<strong>Nicholas Serota </strong>,1,7,1,20
2011,10,44,Katharine Whitehorn,1,2,0,17
